Date,New Zealand,Denmark,Finland,Switzerland,Singapore,Sweden,Norway,Netherlands,Luxembourg,Germany,Iceland,Canada,United Kingdom,Australia,Austria,Hong Kong,Belgium,Ireland,Estonia,Japan,United Arab Emirates,Uruguay,United States of America,France,Bhutan,Chile,Seychelles,Taiwan,Bahamas,Barbados,Portugal,Qatar,Spain,Botswana,Brunei Darussalam,Israel,Slovenia,Lithuania,Saint Vincent and the Grenadines,"Korea, South",Poland,Cyprus,Cabo Verde,Costa Rica,Latvia,Czech Republic,Georgia,Dominica,Saint Lucia,Malta,Rwanda,Grenada,Italy,Saudi Arabia,Malaysia,Namibia,Mauritius,Oman,Slovakia,Jordan,Greece,Cuba,Croatia,Sao Tome and Principe,Vanuatu,Montenegro,Senegal,Belarus,Argentina,Romania,Hungary,South Africa,Suriname,Jamaica,Bulgaria,Tunisia,Solomon Islands,Bahrain,Armenia,China,Morocco,Ghana,India,Benin,Burkina Faso,Lesotho,Trinidad and Tobago,Kuwait,Guyana,Indonesia,Serbia,Turkey,Sri Lanka,Timor-Leste,Ecuador,Colombia,Tanzania,Ethiopia,Vietnam,Gambia,Kosovo,Bosnia and Herzegovina,Panama,Thailand,Peru,Albania,Brazil,Mongolia,Cote d'Ivoire,North Macedonia,Algeria,Egypt,Eswatini,Zambia,Philippines,El Salvador,Kazakhstan,Nepal,Sierra Leone,Niger,Pakistan,Moldova,Bolivia,Gabon,Malawi,Djibouti,Azerbaijan,Ukraine,Kyrgyzstan,Maldives,Togo,Mali,Myanmar,Laos,Mexico,Guinea,Liberia,Dominican Republic,Paraguay,Papua New Guinea,Russia,Lebanon,Kenya,Mauritania,Uganda,Iran,Honduras,Guatemala,Bangladesh,Nigeria,Mozambique,Angola,Comoros,Cameroon,Central African Republic,Uzbekistan,Tajikistan,Madagascar,Zimbabwe,Eritrea,Nicaragua,Cambodia,Chad,Iraq,Burundi,Congo,Turkmenistan,Haiti,Democratic Republic of the Congo,Libya,Guinea Bissau,"Korea, North",Venezuela,Equatorial Guinea,Sudan,Afghanistan,Yemen,Syria,South Sudan,Somalia
1/1/2012,90,90,90,86,87,88,85,84,80,79,82,84,74,85,69,77,75,69,64,74,68,72,73,71,63,72,52,61,71,76,63,68,65,65,55,60,61,54,62,56,58,66,60,54,49,49,52,58,71,57,53,,42,44,49,48,57,47,46,48,36,48,46,42,,41,36,31,35,44,55,43,37,38,41,41,,51,34,39,37,45,36,36,38,45,39,44,28,32,39,49,40,33,32,36,35,33,31,34,34,42,38,37,38,33,43,36,29,43,34,32,37,37,34,38,28,27,31,33,27,36,34,35,37,36,27,26,24,,30,34,15,21,34,24,41,32,25,25,28,30,27,31,29,28,28,33,26,27,31,22,28,26,26,17,22,32,20,25,29,22,19,18,19,26,17,19,21,21,25,8,19,20,13,8,23,26,,8
1/1/2013,91,91,89,85,86,89,86,83,80,78,78,81,76,81,69,75,75,72,68,74,69,73,73,71,63,71,54,61,71,75,62,68,59,64,60,61,57,57,62,55,60,63,58,53,53,48,49,58,71,56,53,,43,46,50,48,52,47,47,45,40,46,48,42,,44,41,29,34,43,54,42,36,38,41,41,,48,36,40,37,46,36,36,38,49,38,43,27,32,42,50,37,30,35,36,33,33,31,28,33,42,35,35,38,31,42,38,27,44,36,32,39,38,36,38,26,31,30,34,28,35,34,34,37,36,28,25,24,,29,28,21,26,34,24,38,29,24,25,28,28,27,30,26,25,26,29,27,25,30,23,28,25,25,17,22,28,21,20,28,20,19,16,21,22,17,19,22,15,19,8,20,19,11,8,18,17,14,8
1/1/2014,91,92,89,86,84,87,86,83,82,79,79,81,78,80,72,74,76,74,69,76,70,73,74,69,65,73,55,61,71,74,63,69,60,63,,60,58,58,62,55,61,63,57,54,55,51,52,58,71,55,49,,43,49,52,49,54,45,50,49,43,46,48,42,,42,43,31,34,43,54,44,36,38,43,40,,49,37,36,39,48,38,39,38,49,38,44,30,34,41,45,38,28,33,37,31,33,31,29,33,39,37,38,38,33,43,39,32,45,36,37,43,38,38,39,29,29,31,35,29,35,35,37,33,34,29,26,27,,29,32,21,25,35,25,37,32,24,25,27,27,25,30,26,27,29,32,25,27,31,19,26,27,24,18,23,28,21,18,28,21,22,16,20,23,17,19,22,18,19,8,19,,11,12,19,20,15,8
1/1/2015,91,91,90,86,85,89,88,84,85,81,79,83,81,79,76,75,77,75,70,75,70,74,76,70,65,70,55,62,,,64,71,58,63,,61,60,59,,54,63,61,55,55,56,56,52,,,60,54,,44,52,50,53,53,45,51,53,46,47,51,42,,44,44,32,32,46,51,44,36,41,41,38,,51,35,37,36,47,38,37,38,44,39,49,29,36,40,42,37,28,32,37,30,33,31,28,33,38,39,38,36,36,38,39,32,42,36,36,,38,35,39,28,27,29,34,30,33,34,34,31,34,29,27,28,,32,35,22,25,31,25,37,33,27,25,29,28,25,31,25,27,31,28,25,26,31,15,26,27,24,19,26,28,21,18,27,21,22,16,21,23,18,17,22,16,17,8,17,,12,11,18,18,15,8
1/1/2016,90,90,89,86,84,88,85,83,81,81,78,82,81,79,75,77,77,73,70,72,66,71,74,69,65,66,,61,66,61,62,61,58,60,58,64,61,59,60,53,62,55,59,58,57,55,57,59,60,55,54,56,47,46,49,52,54,45,51,48,44,47,49,46,,45,45,40,36,48,48,45,45,39,41,41,42,43,33,40,37,43,40,36,42,39,35,41,34,37,42,41,36,35,31,37,32,34,33,26,36,39,38,35,35,39,40,38,34,37,34,34,,38,35,36,29,29,30,35,32,30,33,35,31,30,30,29,28,36,32,32,28,30,30,27,37,31,30,28,29,28,26,27,25,29,30,28,26,28,27,18,24,26,20,21,25,26,22,18,26,21,20,17,20,20,22,20,21,14,16,12,17,,14,15,14,13,11,10
1/1/2017,89,88,85,85,84,84,85,82,82,81,77,82,82,77,75,77,75,74,71,73,71,70,75,70,67,67,60,63,65,68,63,63,57,61,62,62,61,59,58,54,60,57,55,59,58,57,56,57,55,56,55,52,50,49,47,51,50,44,50,48,48,47,49,46,43,46,45,44,39,48,45,43,41,44,43,42,39,36,35,41,40,40,40,39,42,42,41,39,38,37,41,40,38,38,32,37,36,35,35,30,39,38,37,37,37,38,37,36,36,35,33,32,39,37,34,33,31,31,30,33,32,31,33,32,31,31,31,30,29,33,32,31,30,29,29,27,31,29,29,29,29,28,28,28,26,30,29,28,28,27,25,19,27,25,23,22,21,24,22,20,26,21,20,18,22,21,19,22,21,17,17,17,18,17,16,15,16,14,12,9
1/1/2018,87,88,85,85,85,85,84,82,81,80,76,81,80,77,76,76,75,73,73,73,70,70,71,72,68,67,66,63,65,68,64,62,58,61,63,61,60,59,58,57,60,59,57,56,58,59,58,57,55,54,56,52,52,49,47,53,51,52,50,49,45,47,48,46,46,45,45,44,40,47,46,43,43,44,42,43,44,36,35,39,43,41,41,40,41,41,41,41,37,38,39,41,38,35,34,36,36,34,33,37,37,38,37,36,35,36,35,37,35,37,35,35,38,35,36,35,31,31,30,34,33,33,29,31,32,31,25,32,29,31,30,32,29,29,28,28,32,30,29,28,28,28,27,27,26,28,29,27,26,27,23,19,27,25,26,23,25,25,22,24,25,20,19,18,17,19,20,20,20,17,16,14,18,16,16,16,14,13,13,10
1/1/2019,87,87,86,85,85,85,84,82,80,80,78,77,77,77,77,76,75,74,74,73,71,71,69,69,68,67,66,65,64,62,62,62,62,61,60,60,60,60,59,59,58,58,58,56,56,56,56,55,55,54,53,53,53,53,53,52,52,52,50,48,48,48,47,46,46,45,45,45,45,44,44,44,44,43,43,43,42,42,42,41,41,41,41,41,40,40,40,40,40,40,39,39,38,38,38,37,37,37,37,37,36,36,36,36,36,35,35,35,35,35,35,35,34,34,34,34,34,34,33,32,32,32,31,31,31,30,30,30,30,29,29,29,29,29,29,29,28,28,28,28,28,28,28,28,28,26,26,26,26,26,26,26,25,25,25,25,25,24,24,23,22,20,20,20,19,19,19,18,18,18,18,17,16,16,16,16,15,13,12,9
